S.No,Name,Description
0,Women's Campside Oxfords,"Comfortable and stylish, perfect for outdoor activities."
1,"Recycled Waterhog Dog Mat, Chevron Weave","Eco-friendly, durable dog mat made from recycled materials."
2,"Infant and Toddler Girls' Coastal Chill Swimsuit, Two-Piece","Cute, comfortable two-piece swimsuit for toddlers, perfect for the beach."
3,"Refresh Swimwear, V-Neck Tankini Contrasts","Stylish V-neck tankini with contrast colors, ideal for swimming."
4,EcoFlex 3L Storm Pants,Waterproof and windproof storm pants designed for extreme conditions.
5,"Smooth Comfort Check Shirt, Slightly Fitted","Lightweight, breathable shirt, perfect for outdoor activities."
6,Mens Outdoor Research Apex Gloves,High-performance gloves designed for cold-weather activities.
7,"Women's Ultraplush Sweats, Relaxed Crewneck","Super soft and cozy sweats, great for lounging or casual outings."
8,Mountain Man Fleece Jacket,Warm fleece jacket designed for cold-weather adventures.
9,"Compact Camping Table, 25""","Lightweight and portable camping table, perfect for outdoor dining."
10,"Cozy Comfort Pullover Set, Stripe",Comfortable pullover set with a stylish stripe design.
11,Ultra-Lofty 850 Stretch Down Hooded Jacket,"Ultra-lightweight, stretchable down jacket with hood for cold weather."
12,CozyCloud Flannel Sheet Set,Soft and cozy flannel sheet set for a comfortable night's sleep.
13,Men's Maine Explorer Zip-Front Jac-Shirt,Stylish zip-front jac-shirt perfect for everyday outdoor use.
14,"Easy-Care Classic Stripe Short-Sleeve Shirt, Traditional Fit",Classic striped short-sleeve shirt with a traditional fit.
15,Wind Chaser 110 Kayak,Stable and durable kayak designed for speed and control.
16,Camo Trekker Midweight Quarter-Zip Pullover Hoodie,"Midweight pullover hoodie with camo design, ideal for outdoor use."
17,Summit Soft Loveseat,Comfortable loveseat perfect for outdoor lounging and picnics.
18,"Zen Wave SUP Board, 10'8""","Durable and stable stand-up paddleboard, great for water sports."
19,Buckingham Leather Sofa,"Luxurious leather sofa with classic design, perfect for any living room."
20,Women's Camelbak Horizon Hydration Pack,Compact hydration pack designed for hiking and outdoor activities.
21,"Militia Pullover, Crewneck",Crewneck pullover perfect for casual outings and comfortable layering.
22,"Comfyside Sweats, Straight-Leg",Straight-leg sweats that offer ultimate comfort and ease of movement.
23,"Campers' Adventure Bag, Zip-Top with Shoulder Strap",Versatile adventure bag with zip-top and shoulder strap for easy carrying.
24,Junior All-Terrain Adventurers,"Durable all-terrain shoes for juniors, perfect for outdoor exploration."
25,Women's PrimaLoft Downpour Jacket,Lightweight and waterproof jacket with PrimaLoft insulation.
26,"MaxGrip Sport Socks, Twin Pack","Sport socks with extra grip, perfect for athletic activities."
27,Doggy Den Pad,Comfortable dog pad with extra cushioning for pet beds.
28,Performance Plus Woven Shirt,"Breathable woven shirt with a stylish design, perfect for warm weather."
29,Classic Book Pack,Classic backpack designed for school and everyday use.
30,"Kids' Mountain Adventure Fleece, Print",Warm and soft fleece jacket with a playful print for kids.
31,Rustic Reclaimed Wood Accent Table,"Rustic-style accent table made from reclaimed wood, great for living spaces."
32,Timeless Leather Ranger Mocs,Classic leather moccasins with timeless design.
33,"""Rangeley Camp Performance Checked Flannel Shirt""",Premium checked flannel shirt designed for outdoor comfort.
34,Men's Camo Traverse Rubber Hunting Boots,Durable rubber hunting boots with a camo design.
35,Polar Plunge Tube,Inflatable tube designed for cold water plunges and river fun.
36,Garmin MiniTrack Satellite Communicator,Compact satellite communicator for tracking and communication.
37,Fjord Fleece Sweater,Warm fleece sweater perfect for casual and outdoor wear.
38,Women's Luxurious Shearling-Lined Slides,Luxurious slides lined with shearling for ultimate comfort.
39,Sealed Leather Moc,Waterproof moccasins with sealed leather construction.
40,Kork-Ease Myrna Comfort Sandals,"Comfortable sandals with a stylish design, perfect for everyday wear."
41,Men's Trail Model 4 All-Terrain Waterproof Hiking Shoes,All-terrain waterproof hiking shoes designed for rough trails.
42,Big Agnes Big House 4 Deluxe Tent Ground Cover,"Ground cover for Big Agnes tent, durable and weather-resistant."
43,New Balance Women's 990v4 Trail Runners,Durable and supportive trail running shoes for women.
44,Women's New Balance 608 Leather Cross Comfort Shoes,"Cross-comfort leather shoes for women, great for long walks."
45,Women's Oboz Sawtooth Trekking Shoes,High-performance trekking shoes with excellent grip and durability.
46,Kids' OluKai Nohea Breeze Slip-Ons,"Slip-on shoes for kids, designed for comfort and convenience."
47,Angler's Athletic Shorts,Athletic shorts with moisture-wicking technology.
48,Print Flannel Trousers,Soft and comfortable flannel trousers for casual wear.
49,Premium Double L Short-Sleeve Polo Banded Without Pocket,Classic polo shirt with a comfortable banded fit.
50,"CamelBak Chute Mag Elite Water Bottle, 12 oz.",Durable water bottle designed for outdoor activities.
51,Mountain Peak Polarized Sunglasses,"Polarized sunglasses with UV protection, perfect for outdoor adventures."
52,Women's Salomon Sense Adventure Trail Runner,High-performance trail running shoes designed for rugged terrain.
53,Tropicview Baseball Cap,Stylish and protective baseball cap with a tropical print.
54,Cozy Cable Knit Slipper Sock,Cable knit slipper socks with extra cushioning for warmth and comfort.
55,"""oblast NanoBoost""",Advanced energy supplement for extreme performance.
56,Timeless Textured Stripe Sweater,Classic striped sweater with a textured knit design.
57,Arctic Flip 18 Cooler,High-performance cooler with extra insulation for long trips.
58,"""-Functional Traveler's Companion Backpack""",Multifunctional backpack designed for frequent travelers.
59,"AquaSport Swimwear, Bottom","Durable and comfortable swimwear bottom, perfect for water sports."
60,Katablock Wind Hooded Jacket,"Windproof jacket with hood, designed for outdoor adventures."
61,Women's Cozy Comfort Cross Band Slide,Comfortable slide sandals with a cozy cross-band design.
62,"""Top Soft Cotton Colorblock Crew-Neck Top""","Soft cotton colorblock top, perfect for casual outings."
63,Swix XC Comfort Gloves,Warm and comfortable gloves designed for cross-country skiing.
64,Kiddos' Superb Slippers,Super soft slippers for kids with fun designs.
65,Mountain Peak Fleece Jacket,Warm fleece jacket perfect for mountain adventures.
66,"Ragg Wool Sweater, Crewneck",Classic ragg wool sweater with a comfortable crewneck.
67,Men's Tropical Adventure Zip-Leg Pants,Convertible pants perfect for tropical outdoor adventures.
68,® Men's Arctic Trekkers,Insulated trekking boots designed for arctic conditions.
69,Women's Camo Mountain Fleece Vest,Stylish fleece vest with a camo design.
70,"""s Rain Striders, Patterns""",Patterned rain boots designed for outdoor exploration.
71,Mountain Ready Boys' 3-in-1 Jacket,Warm and protective 3-in-1 jacket for boys.
72,Fluoroflex Max Tippet,Strong and flexible fishing tippet for avid anglers.
73,Cozy Cuddles Knit Pullover Set,Comfortable pullover set with a cozy knit design.
74,Executive Leather Briefcase,Executive leather briefcase with premium craftsmanship.
75,"Mens Footwear, Gumshoes",Durable gumshoes designed for outdoor activities.
76,Comfort Cotton Slacks,Comfortable cotton slacks perfect for everyday wear.
77,Cozy Cardigan Vest,Stylish cardigan vest with a relaxed fit.
78,Women's Stretch Down Quilted Jacket,"Lightweight, quilted down jacket for women, perfect for cold weather."
79,"Freshly Starched Chino Shorts, 6""",Classic chino shorts with a starched finish.
80,Heritage Cotton/Linen Raglan Poncho,Raglan poncho made from heritage cotton and linen.
81,Luxe Fleece Neck Cuddler,Fleece neck warmer for extra comfort in cold weather.
82,Mountain Explorer Outdoor Jacket,Durable outdoor jacket designed for harsh conditions.
83,Lady's Cloche Hat,Elegant cloche hat perfect for sophisticated looks.
84,Dual Line Spare Arbor Reel Spool,Spare reel spool for dual line fishing systems.
85,"""olock microlock""",Compact and secure locking system for outdoor gear.
86,"Men's Arctic Sport Muck Trekkers, Mid-Cut",Mid-cut trekking boots designed for arctic sports.
87,Women's Tropical Plaid Shirt,Stylish plaid shirt made from soft and breathable fabric.
88,ProStretch Fleece Hoodie Jacket,Fleece hoodie jacket with advanced stretch for comfort.
89,Garmin Marathoner GPS Running Watch,GPS running watch with advanced tracking features.
90,Benchmade Mountain Ridge Skinner Knife,Skinning knife with a durable blade for outdoor use.
91,"Manly Muck Boots by ®, 8""",Durable muck boots designed for rough outdoor conditions.
92,"Men's All-Terrain Katahdin Hiking Boots, Leather Mesh",Waterproof hiking boots with leather and mesh construction.
93,"Rain Dancer Waterproof Boots, Lace-Up",Lace-up waterproof boots perfect for rainy conditions.
94,Resilient Comfort Boxer Brief,Comfortable boxer briefs with moisture-wicking technology.
95,"Flexible Knit Cords, Slim-Leg",Slim-leg knit cords designed for a stylish and comfortable fit.
96,KidKomfort Pack Plus,Durable kids' backpack with extra padding for comfort.
97,Men's K2 Precision Boa Ice Skates,Precision ice skates designed for competitive use.
98,Glideaway Kayak Paddle,Durable kayak paddle with ergonomic grip.
99,Kids' Adventurer Snowshoe with Boa Bindings Package,Snowshoe package with bindings designed for kids.
100,Men's OluKai Nohea Breeze Slip-Ons,"Slip-on shoes with breathable design, perfect for casual wear."
